{
  "catalog_path": "catalogs/living_room_kenney_v0/assets.json",
  "asset_count": 14,
  "measured_asset_count": 14,
  "skipped_asset_count": 0,
  "measurements": [
    {
      "asset_id": "kenney_lounge_sofa_01",
      "category": "sofa",
      "mesh_path": "sources/kenney/furniture_kit/normalized/living_room_v0/sofa/kenney_lounge_sofa_01/model.glb",
      "bounds_min": {
        "x": 0.0,
        "y": 0.0,
        "z": -0.4100000262260437
      },
      "bounds_max": {
        "x": 0.9799999594688416,
        "y": 0.46000000834465027,
        "z": 0.0
      },
      "extents": {
        "x": 0.9799999594688416,
        "y": 0.46000000834465027,
        "z": 0.4100000262260437
      },
      "current_dimensions": {
        "width": 2.1,
        "depth": 0.9,
        "height": 0.9
      }
    },
    {
      "asset_id": "kenney_lounge_sofa_long_01",
      "category": "sofa",
      "mesh_path": "sources/kenney/furniture_kit/normalized/living_room_v0/sofa/kenney_lounge_sofa_long_01/model.glb",
      "bounds_min": {
        "x": 0.0,
        "y": 0.0,
        "z": -0.4100000262260437
      },
      "bounds_max": {
        "x": 0.9799999594688416,
        "y": 0.46000000834465027,
        "z": 0.4100000262260437
      },
      "extents": {
        "x": 0.9799999594688416,
        "y": 0.46000000834465027,
        "z": 0.8200000524520874
      },
      "current_dimensions": {
        "width": 2.35,
        "depth": 1.0,
        "height": 0.9
      }
    },
    {
      "asset_id": "kenney_table_coffee_01",
      "category": "coffee_table",
      "mesh_path": "sources/kenney/furniture_kit/normalized/living_room_v0/coffee_table/kenney_table_coffee_01/model.glb",
      "bounds_min": {
        "x": -0.4609960913658142,
        "y": -3.609557054039112e-16,
        "z": -0.30000001192092896
      },
      "bounds_max": {
        "x": 0.20000000298023224,
        "y": 0.23000000417232513,
        "z": 0.10000000149011612
      },
      "extents": {
        "x": 0.6609960943460464,
        "y": 0.2300000041723255,
        "z": 0.4000000134110451
      },
      "current_dimensions": {
        "width": 1.1,
        "depth": 0.6,
        "height": 0.45
      }
    },
    {
      "asset_id": "kenney_table_coffee_square_01",
      "category": "coffee_table",
      "mesh_path": "sources/kenney/furniture_kit/normalized/living_room_v0/coffee_table/kenney_table_coffee_square_01/model.glb",
      "bounds_min": {
        "x": -0.4609960913658142,
        "y": -3.609557054039112e-16,
        "z": -0.30000001192092896
      },
      "bounds_max": {
        "x": -0.06099608168005943,
        "y": 0.23000000417232513,
        "z": 0.10000000149011612
      },
      "extents": {
        "x": 0.4000000096857548,
        "y": 0.2300000041723255,
        "z": 0.4000000134110451
      },
      "current_dimensions": {
        "width": 0.8,
        "depth": 0.8,
        "height": 0.45
      }
    },
    {
      "asset_id": "kenney_cabinet_television_01",
      "category": "tv_stand",
      "mesh_path": "sources/kenney/furniture_kit/normalized/living_room_v0/tv_stand/kenney_cabinet_television_01/model.glb",
      "bounds_min": {
        "x": 0.0,
        "y": 0.0,
        "z": -0.25
      },
      "bounds_max": {
        "x": 0.800000011920929,
        "y": 0.3100000023841858,
        "z": 0.0
      },
      "extents": {
        "x": 0.800000011920929,
        "y": 0.3100000023841858,
        "z": 0.25
      },
      "current_dimensions": {
        "width": 1.4,
        "depth": 0.45,
        "height": 0.6
      }
    },
    {
      "asset_id": "kenney_bookcase_open_01",
      "category": "bookcase",
      "mesh_path": "sources/kenney/furniture_kit/normalized/living_room_v0/bookcase/kenney_bookcase_open_01/model.glb",
      "bounds_min": {
        "x": 0.0,
        "y": 0.0,
        "z": -0.25
      },
      "bounds_max": {
        "x": 0.4000000059604645,
        "y": 0.8799999356269836,
        "z": 0.0
      },
      "extents": {
        "x": 0.4000000059604645,
        "y": 0.8799999356269836,
        "z": 0.25
      },
      "current_dimensions": {
        "width": 0.8,
        "depth": 0.35,
        "height": 1.4
      }
    },
    {
      "asset_id": "kenney_lounge_chair_01",
      "category": "armchair",
      "mesh_path": "sources/kenney/furniture_kit/normalized/living_room_v0/armchair/kenney_lounge_chair_01/model.glb",
      "bounds_min": {
        "x": 0.0,
        "y": 0.0,
        "z": -0.4100000262260437
      },
      "bounds_max": {
        "x": 0.4899999797344208,
        "y": 0.46000000834465027,
        "z": 0.0
      },
      "extents": {
        "x": 0.4899999797344208,
        "y": 0.46000000834465027,
        "z": 0.4100000262260437
      },
      "current_dimensions": {
        "width": 0.9,
        "depth": 0.85,
        "height": 0.95
      }
    },
    {
      "asset_id": "kenney_lounge_chair_relax_01",
      "category": "armchair",
      "mesh_path": "sources/kenney/furniture_kit/normalized/living_room_v0/armchair/kenney_lounge_chair_relax_01/model.glb",
      "bounds_min": {
        "x": 0.0,
        "y": 0.0,
        "z": -0.674692690372467
      },
      "bounds_max": {
        "x": 0.4899999797344208,
        "y": 0.6299999952316284,
        "z": 0.0
      },
      "extents": {
        "x": 0.4899999797344208,
        "y": 0.6299999952316284,
        "z": 0.674692690372467
      },
      "current_dimensions": {
        "width": 0.95,
        "depth": 1.0,
        "height": 1.0
      }
    },
    {
      "asset_id": "kenney_side_table_01",
      "category": "side_table",
      "mesh_path": "sources/kenney/furniture_kit/normalized/living_room_v0/side_table/kenney_side_table_01/model.glb",
      "bounds_min": {
        "x": -0.009999999776482582,
        "y": 0.0,
        "z": -0.20999999344348907
      },
      "bounds_max": {
        "x": 0.5244754552841187,
        "y": 0.38440755009651184,
        "z": 0.009999999776482582
      },
      "extents": {
        "x": 0.5344754550606012,
        "y": 0.38440755009651184,
        "z": 0.21999999321997166
      },
      "current_dimensions": {
        "width": 0.55,
        "depth": 0.55,
        "height": 0.5
      }
    },
    {
      "asset_id": "kenney_side_table_drawers_01",
      "category": "side_table",
      "mesh_path": "sources/kenney/furniture_kit/normalized/living_room_v0/side_table/kenney_side_table_drawers_01/model.glb",
      "bounds_min": {
        "x": -0.009999999776482582,
        "y": 0.0,
        "z": -0.20999999344348907
      },
      "bounds_max": {
        "x": 0.5244754552841187,
        "y": 0.38440755009651184,
        "z": 0.012299999223480212
      },
      "extents": {
        "x": 0.5344754550606012,
        "y": 0.38440755009651184,
        "z": 0.2222999926669693
      },
      "current_dimensions": {
        "width": 0.6,
        "depth": 0.55,
        "height": 0.55
      }
    },
    {
      "asset_id": "kenney_lamp_round_floor_01",
      "category": "floor_lamp",
      "mesh_path": "sources/kenney/furniture_kit/normalized/living_room_v0/floor_lamp/kenney_lamp_round_floor_01/model.glb",
      "bounds_min": {
        "x": -0.016019709408283234,
        "y": 0.0,
        "z": -0.14778000116348267
      },
      "bounds_max": {
        "x": 0.13601970672607422,
        "y": 0.8600000143051147,
        "z": 0.027779998257756233
      },
      "extents": {
        "x": 0.15203941613435745,
        "y": 0.8600000143051147,
        "z": 0.1755599994212389
      },
      "current_dimensions": {
        "width": 0.35,
        "depth": 0.35,
        "height": 1.6
      }
    },
    {
      "asset_id": "kenney_lamp_square_floor_01",
      "category": "floor_lamp",
      "mesh_path": "sources/kenney/furniture_kit/normalized/living_room_v0/floor_lamp/kenney_lamp_square_floor_01/model.glb",
      "bounds_min": {
        "x": 0.0,
        "y": 0.0,
        "z": -0.12000000476837158
      },
      "bounds_max": {
        "x": 0.12000000476837158,
        "y": 0.8600000143051147,